USE gestion_empleados;

INSERT INTO regiones(codigo_region,	nombre_region) VALUES
('15','De Arica y Parinacota'),
('01','De Tarapacá'),
('02','De Antofagasta'),
('03','De Atacama'),
('04','De Coquimbo'),
('05','De Valparaíso'),
('06','Del Libertador Bernardo O''Higgins'),
('07','Del Maule'),
('08','Del Bíobío'),
('09','De La Araucanía'),
('14','De Los Ríos'),
('10','De Los Lagos'),
('11','De Aisén del General Carlos Ibáñez del Campo'),
('12','De Magallanes y de La Antártica Chilena'),
('13','Metropolitana de Santiago');

INSERT INTO provincias(codigo_provincia, nombre_provincia,	codigo_region) VALUES
('151','Arica','15'),
('152','Parinacota','15'),
('011','Iquique','01'),
('014','Tamarugal','01'),
('021','Antofagasta','02'),
('022','El Loa','02'),
('023','Tocopilla','02'),
('031','Copiapó','03'),
('032','Chañaral','03'),
('033','Huasco','03'),
('041','Elqui','04'),
('042','Choapa','04'),
('043','Limari','04'),
('051','Valparaíso','05'),
('058','Marga Marga','05'),
('052','Isla de Pascua','05'),
('053','Los Andes','05'),
('054','Petorca','05'),
('055','Quillota','05'),
('056','San Antonio','05'),
('057','San Felipe','05'),
('061','Cachapoal','06'),
('062','Cardenal Caro','06'),
('063','Colchagua','06'),
('071','Talca','07'),
('072','Cauquenes','07'),
('073','Curico','07'),
('074','Linares','07'),
('081','Concepción','08'),
('082','Arauco','08'),
('083','Bío-Bío','08'),
('084','Ñuble','08'),
('091','Cautín','09'),
('092','Malleco','09'),
('141','Valdivia','14'),
('142','Ranco','14'),
('101','Llanquihue','10'),
('102','Chiloe','10'),
('103','Osorno','10'),
('104','Palena','10'),
('111','Coihaique','11'),
('112','Aisén','11'),
('113','Capitan Prat','11'),
('114','General Carrera','11'),
('121','Magallanes','12'),
('122','Antártica Chilena','12'),
('123','Tierra del Fuego','12'),
('124','Ultima Esperanza','12'),
('131','Santiago','13'),
('132','Cordillera','13'),
('133','Chacabuco','13'),
('134','Maipo','13'),
('135','Melipilla','13'),
('136','Talagante','13');

INSERT INTO comunas (codigo_comuna, nombre_comuna,	codigo_provincia) VALUES 
('15101','Arica','151'),
('15102','Camarones','151'),
('15201','Putre','152'),
('15202','General Lagos','152'),
('01101','Iquique','011'),
('01402','Camiña','014'),
('01403','Colchane','014'),
('01404','Huara','014'),
('01405','Pica','014'),
('01401','Pozo Almonte','014'),
('01107','Alto Hospicio','011'),
('02101','Antofagasta','021'),
('02102','Mejillones','021'),
('02103','Sierra Gorda','021'),
('02104','Taltal','021'),
('02201','Calama','022'),
('02202','Ollagüe','022'),
('02203','San Pedro de Atacama','022'),
('02301','Tocopilla','023'),
('02302','María Elena','023'),
('03101','Copiapó','031'),
('03102','Caldera','031'),
('03103','Tierra Amarilla','031'),
('03201','Chañaral','032'),
('03202','Diego de Almagro','032'),
('03301','Vallenar','033'),
('03302','Alto del Carmen','033'),
('03303','Freirina','033'),
('03304','Huasco','033'),
('04101','La Serena','041'),
('04102','Coquimbo','041'),
('04103','Andacollo','041'),
('04104','La Higuera','041'),
('04105','Paiguano','041'),
('04106','Vicuña','041'),
('04201','Illapel','042'),
('04202','Canela','042'),
('04203','Los Vilos','042'),
('04204','Salamanca','042'),
('04301','Ovalle','043'),
('04302','Combarbalá','043'),
('04303','Monte Patria','043'),
('04304','Punitaqui','043'),
('04305','Río Hurtado','043'),
('05101','Valparaíso','051'),
('05102','Casablanca','051'),
('05103','Concón','051'),
('05104','Juan Fernández','051'),
('05105','Puchuncaví','051'),
('05801','Quilpué','058'),
('05107','Quintero','051'),
('05804','Villa Alemana','058'),
('05109','Viña del Mar','051'),
('05201','Isla de Pascua','052'),
('05301','Los Andes','053'),
('05302','Calle Larga','053'),
('05303','Rinconada','053'),
('05304','San Esteban','053'),
('05401','La Ligua','054'),
('05402','Cabildo','054'),
('05403','Papudo','054'),
('05404','Petorca','054'),
('05405','Zapallar','054'),
('05501','Quillota','055'),
('05502','Calera','055'),
('05503','Hijuelas','055'),
('05504','La Cruz','055'),
('05802','Limache','058'),
('05506','Nogales','055'),
('05803','Olmué','058'),
('05601','San Antonio','056'),
('05602','Algarrobo','056'),
('05603','Cartagena','056'),
('05604','El Quisco','056'),
('05605','El Tabo','056'),
('05606','Santo Domingo','056'),
('05701','San Felipe','057'),
('05702','Catemu','057'),
('05703','Llaillay','057'),
('05704','Panquehue','057'),
('05705','Putaendo','057'),
('05706','Santa María','057'),
('06101','Rancagua','061'),
('06102','Codegua','061'),
('06103','Coinco','061'),
('06104','Coltauco','061'),
('06105','Doñihue','061'),
('06106','Graneros','061'),
('06107','Las Cabras','061'),
('06108','Machalí','061'),
('06109','Malloa','061'),
('06110','Mostazal','061'),
('06111','Olivar','061'),
('06112','Peumo','061'),
('06113','Pichidegua','061'),
('06114','Quinta de Tilcoco','061'),
('06115','Rengo','061'),
('06116','Requínoa','061'),
('06117','San Vicente','061'),
('06201','Pichilemu','062'),
('06202','La Estrella','062'),
('06203','Litueche','062'),
('06204','Marchihue','062'),
('06205','Navidad','062'),
('06206','Paredones','062'),
('06301','San Fernando','063'),
('06302','Chépica','063'),
('06303','Chimbarongo','063'),
('06304','Lolol','063'),
('06305','Nancagua','063'),
('06306','Palmilla','063'),
('06307','Peralillo','063'),
('06308','Placilla','063'),
('06309','Pumanque','063'),
('06310','Santa Cruz','063'),
('07101','Talca','071'),
('07102','Constitución','071'),
('07103','Curepto','071'),
('07104','Empedrado','071'),
('07105','Maule','071'),
('07106','Pelarco','071'),
('07107','Pencahue','071'),
('07108','Río Claro','071'),
('07109','San Clemente','071'),
('07110','San Rafael','071'),
('07201','Cauquenes','072'),
('07202','Chanco','072'),
('07203','Pelluhue','072'),
('07301','Curicó','073'),
('07302','Hualañé','073'),
('07303','Licantén','073'),
('07304','Molina','073'),
('07305','Rauco','073'),
('07306','Romeral','073'),
('07307','Sagrada Familia','073'),
('07308','Teno','073'),
('07309','Vichuquén','073'),
('07401','Linares','074'),
('07402','Colbún','074'),
('07403','Longaví','074'),
('07404','Parral','074'),
('07405','Retiro','074'),
('07406','San Javier','074'),
('07407','Villa Alegre','074'),
('07408','Yerbas Buenas','074'),
('08101','Concepción','081'),
('08102','Coronel','081'),
('08103','Chiguayante','081'),
('08104','Florida','081'),
('08105','Hualqui','081'),
('08106','Lota','081'),
('08107','Penco','081'),
('08108','San Pedro de la Paz','081'),
('08109','Santa Juana','081'),
('08110','Talcahuano','081'),
('08111','Tomé','081'),
('08112','Hualpén','081'),
('08201','Lebu','082'),
('08202','Arauco','082'),
('08203','Cañete','082'),
('08204','Contulmo','082'),
('08205','Curanilahue','082'),
('08206','Los Álamos','082'),
('08207','Tirúa','082'),
('08301','Los Ángeles','083'),
('08302','Antuco','083'),
('08303','Cabrero','083'),
('08304','Laja','083'),
('08305','Mulchén','083'),
('08306','Nacimiento','083'),
('08307','Negrete','083'),
('08308','Quilaco','083'),
('08309','Quilleco','083'),
('08310','San Rosendo','083'),
('08311','Santa Bárbara','083'),
('08312','Tucapel','083'),
('08313','Yumbel','083'),
('08314','Alto Biobío','083'),
('08401','Chillán','084'),
('08402','Bulnes','084'),
('08403','Cobquecura','084'),
('08404','Coelemu','084'),
('08405','Coihueco','084'),
('08406','Chillán Viejo','084'),
('08407','El Carmen','084'),
('08408','Ninhue','084'),
('08409','Ñiquén','084'),
('08410','Pemuco','084'),
('08411','Pinto','084'),
('08412','Portezuelo','084'),
('08413','Quillón','084'),
('08414','Quirihue','084'),
('08415','Ránquil','084'),
('08416','San Carlos','084'),
('08417','San Fabián','084'),
('08418','San Ignacio','084'),
('08419','San Nicolás','084'),
('08420','Treguaco','084'),
('08421','Yungay','084'),
('09101','Temuco','091'),
('09102','Carahue','091'),
('09103','Cunco','091'),
('09104','Curarrehue','091'),
('09105','Freire','091'),
('09106','Galvarino','091'),
('09107','Gorbea','091'),
('09108','Lautaro','091'),
('09109','Loncoche','091'),
('09110','Melipeuco','091'),
('09111','Nueva Imperial','091'),
('09112','Padre Las Casas','091'),
('09113','Perquenco','091'),
('09114','Pitrufquén','091'),
('09115','Pucón','091'),
('09116','Saavedra','091'),
('09117','Teodoro Schmidt','091'),
('09118','Toltén','091'),
('09119','Vilcún','091'),
('09120','Villarrica','091'),
('09121','Cholchol','091'),
('09201','Angol','092'),
('09202','Collipulli','092'),
('09203','Curacautín','092'),
('09204','Ercilla','092'),
('09205','Lonquimay','092'),
('09206','Los Sauces','092'),
('09207','Lumaco','092'),
('09208','Purén','092'),
('09209','Renaico','092'),
('09210','Traiguén','092'),
('09211','Victoria','092'),
('14101','Valdivia','141'),
('14102','Corral','141'),
('14202','Futrono','142'),
('14201','La Unión','142'),
('14203','Lago Ranco','142'),
('14103','Lanco','141'),
('14104','Los Lagos','141'),
('14105','Máfil','141'),
('14106','Mariquina','141'),
('14107','Paillaco','141'),
('14108','Panguipulli','141'),
('14204','Río Bueno','142'),
('10101','Puerto Montt','101'),
('10102','Calbuco','101'),
('10103','Cochamó','101'),
('10104','Fresia','101'),
('10105','Frutillar','101'),
('10106','Los Muermos','101'),
('10107','Llanquihue','101'),
('10108','Maullín','101'),
('10109','Puerto Varas','101'),
('10201','Castro','102'),
('10202','Ancud','102'),
('10203','Chonchi','102'),
('10204','Curaco de Vélez','102'),
('10205','Dalcahue','102'),
('10206','Puqueldón','102'),
('10207','Queilén','102'),
('10208','Quellón','102'),
('10209','Quemchi','102'),
('10210','Quinchao','102'),
('10301','Osorno','103'),
('10302','Puerto Octay','103'),
('10303','Purranque','103'),
('10304','Puyehue','103'),
('10305','Río Negro','103'),
('10306','San Juan de la Costa','103'),
('10307','San Pablo','103'),
('10401','Chaitén','104'),
('10402','Futaleufú','104'),
('10403','Hualaihué','104'),
('10404','Palena','104'),
('11101','Coihaique','111'),
('11102','Lago Verde','111'),
('11201','Aisén','112'),
('11202','Cisnes','112'),
('11203','Guaitecas','112'),
('11301','Cochrane','113'),
('11302','O''Higgins','113'),
('11303','Tortel','113'),
('11401','Chile Chico','114'),
('11402','Río Ibáñez','114'),
('12101','Punta Arenas','121'),
('12102','Laguna Blanca','121'),
('12103','Río Verde','121'),
('12104','San Gregorio','121'),
('12201','Cabo de Hornos','122'),
('12202','Antártica','122'),
('12301','Porvenir','123'),
('12302','Primavera','123'),
('12303','Timaukel','123'),
('12401','Natales','124'),
('12402','Torres del Paine','124'),
('13101','Santiago','131'),
('13102','Cerrillos','131'),
('13103','Cerro Navia','131'),
('13104','Conchalí','131'),
('13105','El Bosque','131'),
('13106','Estación Central','131'),
('13107','Huechuraba','131'),
('13108','Independencia','131'),
('13109','La Cisterna','131'),
('13110','La Florida','131'),
('13111','La Granja','131'),
('13112','La Pintana','131'),
('13113','La Reina','131'),
('13114','Las Condes','131'),
('13115','Lo Barnechea','131'),
('13116','Lo Espejo','131'),
('13117','Lo Prado','131'),
('13118','Macul','131'),
('13119','Maipú','131'),
('13120','Ñuñoa','131'),
('13121','Pedro Aguirre Cerda','131'),
('13122','Peñalolén','131'),
('13123','Providencia','131'),
('13124','Pudahuel','131'),
('13125','Quilicura','131'),
('13126','Quinta Normal','131'),
('13127','Recoleta','131'),
('13128','Renca','131'),
('13129','San Joaquín','131'),
('13130','San Miguel','131'),
('13131','San Ramón','131'),
('13132','Vitacura','131'),
('13201','Puente Alto','132'),
('13202','Pirque','132'),
('13203','San José de Maipo','132'),
('13301','Colina','133'),
('13302','Lampa','133'),
('13303','Tiltil','133'),
('13401','San Bernardo','134'),
('13402','Buin','134'),
('13403','Calera de Tango','134'),
('13404','Paine','134'),
('13501','Melipilla','135'),
('13502','Alhué','135'),
('13503','Curacaví','135'),
('13504','María Pinto','135'),
('13505','San Pedro','135'),
('13601','Talagante','136'),
('13602','El Monte','136'),
('13603','Isla de Maipo','136'),
('13604','Padre Hurtado','136'),
('13605','Peñaflor','136');

INSERT INTO paises (codigo_pais, codigo_iso3_pais, nombre_pais, gentilicio_pais) VALUES
(4, 'AFG', 'Afganistán', 'Afgano/a'),
(248, 'ALA', 'Islas Åland', 'Alandés/esa'),
(8, 'ALB', 'Albania', 'Albanés/esa'),
(12, 'DZA', 'Argelia', 'Argelino/a'),
(20, 'AND', 'Andorra', 'Andorrano/a'),
(24, 'AGO', 'Angola', 'Angoleño/a'),
(28, 'ATG', 'Antigua y Barbuda', 'Antiguano/a'),
(32, 'ARG', 'Argentina', 'Argentino/a'),
(36, 'AUS', 'Australia', 'Australiano/a'),
(40, 'AUT', 'Austria', 'Austriaco/a'),
(31, 'AZE', 'Azerbaiyán', 'Azerbaiyano/a'),
(44, 'BHS', 'Bahamas', 'Bahameño/a'),
(48, 'BHR', 'Baréin', 'Bareiní'),
(50, 'BGD', 'Bangladesh', 'Bangladesí'),
(52, 'BRB', 'Barbados', 'Barbadense'),
(56, 'BEL', 'Bélgica', 'Belga'),
(84, 'BLZ', 'Belice', 'Beliceño/a'),
(204, 'BEN', 'Benín', 'Beninés/esa'),
(64, 'BTN', 'Bután', 'Butanés/esa'),
(68, 'BOL', 'Bolivia', 'Boliviano/a'),
(70, 'BIH', 'Bosnia y Herzegovina', 'Bosnio/a'),
(72, 'BWA', 'Botsuana', 'Botsuano/a'),
(76, 'BRA', 'Brasil', 'Brasileño/a'),
(96, 'BRN', 'Brunéi', 'Bruneano/a'),
(100, 'BGR', 'Bulgaria', 'Búlgaro/a'),
(854, 'BFA', 'Burkina Faso', 'Burkinés/esa'),
(108, 'BDI', 'Burundi', 'Burundés/esa'),
(132, 'CPV', 'Cabo Verde', 'Caboverdiano/a'),
(116, 'KHM', 'Camboya', 'Camboyano/a'),
(120, 'CMR', 'Camerún', 'Camerunés/esa'),
(124, 'CAN', 'Canadá', 'Canadiense'),
(140, 'CAF', 'República Centroafricana', 'Centroafricano/a'),
(148, 'TCD', 'Chad', 'Chadiano/a'),
(152, 'CHL', 'Chile', 'Chileno/a'),
(156, 'CHN', 'China', 'Chino/a'),
(170, 'COL', 'Colombia', 'Colombiano/a'),
(174, 'COM', 'Comoras', 'Comorense'),
(178, 'COG', 'Congo', 'Congoleño/a'),
(180, 'COD', 'República Democrática del Congo', 'Congoleño/a'),
(188, 'CRI', 'Costa Rica', 'Costarricense'),
(384, 'CIV', 'Costa de Marfil', 'Marfileño/a'),
(191, 'HRV', 'Croacia', 'Croata'),
(192, 'CUB', 'Cuba', 'Cubano/a'),
(196, 'CYP', 'Chipre', 'Chipriota'),
(203, 'CZE', 'Chequia', 'Checo/a'),
(208, 'DNK', 'Dinamarca', 'Danés/esa'),
(262, 'DJI', 'Yibuti', 'Yibutiano/a'),
(212, 'DMA', 'Dominica', 'Dominiqués/esa'),
(214, 'DOM', 'República Dominicana', 'Dominicano/a'),
(218, 'ECU', 'Ecuador', 'Ecuatoriano/a'),
(818, 'EGY', 'Egipto', 'Egipcio/a'),
(222, 'SLV', 'El Salvador', 'Salvadoreño/a'),
(226, 'GNQ', 'Guinea Ecuatorial', 'Ecuatoguineano/a'),
(232, 'ERI', 'Eritrea', 'Eritreo/a'),
(233, 'EST', 'Estonia', 'Estonio/a'),
(231, 'ETH', 'Etiopía', 'Etíope'),
(242, 'FJI', 'Fiyi', 'Fiyiano/a'),
(246, 'FIN', 'Finlandia', 'Finlandés/esa'),
(250, 'FRA', 'Francia', 'Francés/esa'),
(266, 'GAB', 'Gabón', 'Gabonés/esa'),
(270, 'GMB', 'Gambia', 'Gambiano/a'),
(268, 'GEO', 'Georgia', 'Georgiano/a'),
(276, 'DEU', 'Alemania', 'Alemán/ana'),
(288, 'GHA', 'Ghana', 'Ghanés/esa'),
(292, 'GIB', 'Gibraltar', 'Gibraltareño/a'),
(300, 'GRC', 'Grecia', 'Griego/a'),
(304, 'GRL', 'Groenlandia', 'Groenlandés/esa'),
(308, 'GRD', 'Granada', 'Granadino/a'),
(320, 'GTM', 'Guatemala', 'Guatemalteco/a'),
(324, 'GIN', 'Guinea', 'Guineano/a'),
(624, 'GNB', 'Guinea-Bisáu', 'Guineano/a'),
(328, 'GUY', 'Guyana', 'Guyanés/esa'),
(332, 'HTI', 'Haití', 'Haitiano/a'),
(340, 'HND', 'Honduras', 'Hondureño/a'),
(348, 'HUN', 'Hungría', 'Húngaro/a'),
(352, 'ISL', 'Islandia', 'Islandés/esa'),
(356, 'IND', 'India', 'Indio/a'),
(360, 'IDN', 'Indonesia', 'Indonesio/a'),
(364, 'IRN', 'Irán', 'Iraní'),
(368, 'IRQ', 'Irak', 'Iraquí'),
(372, 'IRL', 'Irlanda', 'Irlandés/esa'),
(376, 'ISR', 'Israel', 'Israelí'),
(380, 'ITA', 'Italia', 'Italiano/a'),
(388, 'JAM', 'Jamaica', 'Jamaicano/a'),
(392, 'JPN', 'Japón', 'Japonés/esa'),
(400, 'JOR', 'Jordania', 'Jordano/a'),
(398, 'KAZ', 'Kazajistán', 'Kazajo/a'),
(404, 'KEN', 'Kenia', 'Keniano/a'),
(296, 'KIR', 'Kiribati', 'Kiribatiano/a'),
(408, 'PRK', 'Corea del Norte', 'Norcoreano/a'),
(410, 'KOR', 'Corea del Sur', 'Surcoreano/a'),
(414, 'KWT', 'Kuwait', 'Kuwaití'),
(417, 'KGZ', 'Kirguistán', 'Kirguís'),
(418, 'LAO', 'Laos', 'Laosiano/a'),
(428, 'LVA', 'Letonia', 'Letón/ona'),
(422, 'LBN', 'Líbano', 'Libanés/esa'),
(426, 'LSO', 'Lesoto', 'Lesotense'),
(430, 'LBR', 'Liberia', 'Liberiano/a'),
(434, 'LBY', 'Libia', 'Libio/a'),
(438, 'LIE', 'Liechtenstein', 'Liechtensteiniano/a'),
(440, 'LTU', 'Lituania', 'Lituano/a'),
(442, 'LUX', 'Luxemburgo', 'Luxemburgués/esa'),
(450, 'MDG', 'Madagascar', 'Malgache'),
(454, 'MWI', 'Malaui', 'Malauí'),
(458, 'MYS', 'Malasia', 'Malasio/a'),
(462, 'MDV', 'Maldivas', 'Maldivo/a'),
(466, 'MLI', 'Malí', 'Maliense'),
(470, 'MLT', 'Malta', 'Maltés/esa'),
(584, 'MHL', 'Islas Marshall', 'Marshalés/esa'),
(478, 'MRT', 'Mauritania', 'Mauritano/a'),
(480, 'MUS', 'Mauricio', 'Mauriciano/a'),
(484, 'MEX', 'México', 'Mexicano/a'),
(583, 'FSM', 'Micronesia', 'Micronesio/a'),
(498, 'MDA', 'Moldavia', 'Moldavo/a'),
(492, 'MCO', 'Mónaco', 'Monegasco/a'),
(496, 'MNG', 'Mongolia', 'Mongol'),
(499, 'MNE', 'Montenegro', 'Montenegrino/a'),
(504, 'MAR', 'Marruecos', 'Marroquí'),
(508, 'MOZ', 'Mozambique', 'Mozambiqueño/a'),
(104, 'MMR', 'Myanmar', 'Birmano/a'),
(516, 'NAM', 'Namibia', 'Namibio/a'),
(520, 'NRU', 'Nauru', 'Nauruano/a'),
(524, 'NPL', 'Nepal', 'Nepalí'),
(528, 'NLD', 'Países Bajos', 'Neerlandés/esa'),
(540, 'NCL', 'Nueva Caledonia', 'Neocaledonio/a'),
(554, 'NZL', 'Nueva Zelanda', 'Neozelandés/esa'),
(558, 'NIC', 'Nicaragua', 'Nicaragüense'),
(562, 'NER', 'Níger', 'Nigerino/a'),
(566, 'NGA', 'Nigeria', 'Nigeriano/a'),
(570, 'NIU', 'Niue', 'Niuano/a'),
(578, 'NOR', 'Noruega', 'Noruego/a'),
(512, 'OMN', 'Omán', 'Omaní'),
(586, 'PAK', 'Pakistán', 'Pakistaní'),
(585, 'PLW', 'Palaos', 'Palauano/a'),
(275, 'PSE', 'Palestina', 'Palestino/a'),
(591, 'PAN', 'Panamá', 'Panameño/a'),
(598, 'PNG', 'Papúa Nueva Guinea', 'Papú'),
(600, 'PRY', 'Paraguay', 'Paraguayo/a'),
(604, 'PER', 'Perú', 'Peruano/a'),
(608, 'PHL', 'Filipinas', 'Filipino/a'),
(616, 'POL', 'Polonia', 'Polaco/a'),
(620, 'PRT', 'Portugal', 'Portugués/esa'),
(630, 'PRI', 'Puerto Rico', 'Puertorriqueño/a'),
(634, 'QAT', 'Catar', 'Qatarí'),
(642, 'ROU', 'Rumania', 'Rumano/a'),
(643, 'RUS', 'Rusia', 'Ruso/a'),
(646, 'RWA', 'Ruanda', 'Ruandés/esa'),
(654, 'SHN', 'Santa Elena', 'Santahelenense'),
(659, 'KNA', 'San Cristóbal y Nieves', 'Sancristobaleño/a'),
(662, 'LCA', 'Santa Lucía', 'Santalucense'),
(663, 'MAF', 'San Martín', 'Sanmartinense'),
(666, 'SPM', 'San Pedro y Miquelón', 'Sampedrino/a'),
(670, 'VCT', 'San Vicente y las Granadinas', 'Sanvicentino/a'),
(882, 'WSM', 'Samoa', 'Samoano/a'),
(674, 'SMR', 'San Marino', 'Sanmarinense'),
(678, 'STP', 'Santo Tomé y Príncipe', 'Santomense'),
(682, 'SAU', 'Arabia Saudita', 'Saudí'),
(686, 'SEN', 'Senegal', 'Senegalés/esa'),
(688, 'SRB', 'Serbia', 'Serbio/a'),
(690, 'SYC', 'Seychelles', 'Seychelense'),
(694, 'SLE', 'Sierra Leona', 'Sierraleonés/esa'),
(702, 'SGP', 'Singapur', 'Singapurense'),
(703, 'SVK', 'Eslovaquia', 'Eslovaco/a'),
(705, 'SVN', 'Eslovenia', 'Esloveno/a'),
(90, 'SLB', 'Islas Salomón', 'Salomonense'),
(706, 'SOM', 'Somalia', 'Somalí'),
(710, 'ZAF', 'Sudáfrica', 'Sudafricano/a'),
(728, 'SSD', 'Sudán del Sur', 'Sur Sudanés/esa'),
(724, 'ESP', 'España', 'Español/a'),
(144, 'LKA', 'Sri Lanka', 'Ceilanés/esa'),
(729, 'SDN', 'Sudán', 'Sudanés/esa'),
(740, 'SUR', 'Surinam', 'Surinamés/esa'),
(748, 'SWZ', 'Esuatini', 'Suazi'),
(752, 'SWE', 'Suecia', 'Sueco/a'),
(756, 'CHE', 'Suiza', 'Suizo/a'),
(760, 'SYR', 'Siria', 'Sirio/a'),
(762, 'TJK', 'Tayikistán', 'Tayiko/a'),
(834, 'TZA', 'Tanzania', 'Tanzano/a'),
(764, 'THA', 'Tailandia', 'Tailandés/esa'),
(626, 'TLS', 'Timor Oriental', 'Timorense'),
(768, 'TGO', 'Togo', 'Togolés/esa'),
(772, 'TKL', 'Tokelau', 'Tokelauano/a'),
(776, 'TON', 'Tonga', 'Tongano/a'),
(780, 'TTO', 'Trinidad y Tobago', 'Trinitense'),
(788, 'TUN', 'Túnez', 'Tunecino/a'),
(792, 'TUR', 'Turquía', 'Turco/a'),
(795, 'TKM', 'Turkmenistán', 'Turcomano/a'),
(796, 'TCA', 'Islas Turcas y Caicos', 'Turqueño/a'),
(798, 'TUV', 'Tuvalu', 'Tuvaluano/a'),
(800, 'UGA', 'Uganda', 'Ugandés/esa'),
(804, 'UKR', 'Ucrania', 'Ucraniano/a'),
(784, 'ARE', 'Emiratos Árabes Unidos', 'Emiratí'),
(826, 'GBR', 'Reino Unido', 'Británico/a'),
(840, 'USA', 'Estados Unidos', 'Estadounidense'),
(858, 'URY', 'Uruguay', 'Uruguayo/a'),
(860, 'UZB', 'Uzbekistán', 'Uzbeko/a'),
(548, 'VUT', 'Vanuatu', 'Vanuatuense'),
(862, 'VEN', 'Venezuela', 'Venezolano/a'),
(704, 'VNM', 'Vietnam', 'Vietnamita'),
(876, 'WLF', 'Wallis y Futuna', 'Futunense'),
(887, 'YEM', 'Yemen', 'Yemení'),
(894, 'ZMB', 'Zambia', 'Zambiano/a'),
(716, 'ZWE', 'Zimbabue', 'Zimbabuense');

INSERT INTO tipos_direccion (tipo_direccion, descripcion_tipo_direccion) VALUES
('Particular', 'Dirección particular.'),
('Comercial', 'Dirección comercial.'),
('Laboral', 'Dirección laboral.'),
('Legal', 'Dirección legal.'),
('Internacional', 'Dirección internacional.');

INSERT INTO direcciones (direccion, id_tipo_direccion, codigo_region, codigo_provincia, codigo_comuna) VALUES
('Los Confines 123',
    (SELECT id_tipo_direccion FROM tipos_direccion WHERE tipo_direccion = 'Particular'),
    (SELECT R.codigo_region FROM comunas C JOIN provincias P ON C.codigo_provincia = P.codigo_provincia JOIN regiones R ON P.codigo_region = R.codigo_region WHERE C.nombre_comuna = 'Temuco'),
    (SELECT P.codigo_provincia FROM comunas C JOIN provincias P ON C.codigo_provincia = P.codigo_provincia WHERE C.nombre_comuna = 'Temuco'),
    (SELECT C.codigo_comuna FROM comunas C WHERE C.nombre_comuna = 'Temuco')),
('John Kennedy 4523', 
    (SELECT id_tipo_direccion FROM tipos_direccion WHERE tipo_direccion = 'Particular'),
    (SELECT R.codigo_region FROM comunas C JOIN provincias P ON C.codigo_provincia = P.codigo_provincia JOIN regiones R ON P.codigo_region = R.codigo_region WHERE C.nombre_comuna = 'Temuco'),
    (SELECT P.codigo_provincia FROM comunas C JOIN provincias P ON C.codigo_provincia = P.codigo_provincia WHERE C.nombre_comuna = 'Temuco'),
    (SELECT C.codigo_comuna FROM comunas C WHERE C.nombre_comuna = 'Cholchol')),
('Las Azaleas 2365', 
    (SELECT id_tipo_direccion FROM tipos_direccion WHERE tipo_direccion = 'Particular'),
    (SELECT R.codigo_region FROM comunas C JOIN provincias P ON C.codigo_provincia = P.codigo_provincia JOIN regiones R ON P.codigo_region = R.codigo_region WHERE C.nombre_comuna = 'Temuco'),
    (SELECT P.codigo_provincia FROM comunas C JOIN provincias P ON C.codigo_provincia = P.codigo_provincia WHERE C.nombre_comuna = 'Temuco'),
    (SELECT C.codigo_comuna FROM comunas C WHERE C.nombre_comuna = 'Villarrica')),
('Caupolican 1515, Depto 408', 
    (SELECT id_tipo_direccion FROM tipos_direccion WHERE tipo_direccion = 'Particular'),
    (SELECT R.codigo_region FROM comunas C JOIN provincias P ON C.codigo_provincia = P.codigo_provincia JOIN regiones R ON P.codigo_region = R.codigo_region WHERE C.nombre_comuna = 'Temuco'),
    (SELECT P.codigo_provincia FROM comunas C JOIN provincias P ON C.codigo_provincia = P.codigo_provincia WHERE C.nombre_comuna = 'Temuco'),
    (SELECT C.codigo_comuna FROM comunas C WHERE C.nombre_comuna = 'Temuco')),
('21 de Mayo 987', 
    (SELECT id_tipo_direccion FROM tipos_direccion WHERE tipo_direccion = 'Particular'),
    (SELECT R.codigo_region FROM comunas C JOIN provincias P ON C.codigo_provincia = P.codigo_provincia JOIN regiones R ON P.codigo_region = R.codigo_region WHERE C.nombre_comuna = 'Temuco'),
    (SELECT P.codigo_provincia FROM comunas C JOIN provincias P ON C.codigo_provincia = P.codigo_provincia WHERE C.nombre_comuna = 'Temuco'),
    (SELECT C.codigo_comuna FROM comunas C WHERE C.nombre_comuna = 'Freire')),
('Las Glorias del Ejército 1313', 
    (SELECT id_tipo_direccion FROM tipos_direccion WHERE tipo_direccion = 'Particular'),
    (SELECT R.codigo_region FROM comunas C JOIN provincias P ON C.codigo_provincia = P.codigo_provincia JOIN regiones R ON P.codigo_region = R.codigo_region WHERE C.nombre_comuna = 'Temuco'),
    (SELECT P.codigo_provincia FROM comunas C JOIN provincias P ON C.codigo_provincia = P.codigo_provincia WHERE C.nombre_comuna = 'Temuco'),
    (SELECT C.codigo_comuna FROM comunas C WHERE C.nombre_comuna = 'Gorbea')),
('18 de Septiembre 1810', 
    (SELECT id_tipo_direccion FROM tipos_direccion WHERE tipo_direccion = 'Particular'),
    (SELECT R.codigo_region FROM comunas C JOIN provincias P ON C.codigo_provincia = P.codigo_provincia JOIN regiones R ON P.codigo_region = R.codigo_region WHERE C.nombre_comuna = 'Temuco'),
    (SELECT P.codigo_provincia FROM comunas C JOIN provincias P ON C.codigo_provincia = P.codigo_provincia WHERE C.nombre_comuna = 'Temuco'),
    (SELECT C.codigo_comuna FROM comunas C WHERE C.nombre_comuna = 'Lautaro')),
('Lote 15, Fundo San Isidro', 
    (SELECT id_tipo_direccion FROM tipos_direccion WHERE tipo_direccion = 'Particular'),
    (SELECT R.codigo_region FROM comunas C JOIN provincias P ON C.codigo_provincia = P.codigo_provincia JOIN regiones R ON P.codigo_region = R.codigo_region WHERE C.nombre_comuna = 'Temuco'),
    (SELECT P.codigo_provincia FROM comunas C JOIN provincias P ON C.codigo_provincia = P.codigo_provincia WHERE C.nombre_comuna = 'Temuco'),
    (SELECT C.codigo_comuna FROM comunas C WHERE C.nombre_comuna = 'Temuco')),
('Los Notros S/N', 
    (SELECT id_tipo_direccion FROM tipos_direccion WHERE tipo_direccion = 'Particular'),
    (SELECT R.codigo_region FROM comunas C JOIN provincias P ON C.codigo_provincia = P.codigo_provincia JOIN regiones R ON P.codigo_region = R.codigo_region WHERE C.nombre_comuna = 'Temuco'),
    (SELECT P.codigo_provincia FROM comunas C JOIN provincias P ON C.codigo_provincia = P.codigo_provincia WHERE C.nombre_comuna = 'Temuco'),
    (SELECT C.codigo_comuna FROM comunas C WHERE C.nombre_comuna = 'Lautaro')),
('Príncipe de Gales 580', 
    (SELECT id_tipo_direccion FROM tipos_direccion WHERE tipo_direccion = 'Particular'),
    (SELECT R.codigo_region FROM comunas C JOIN provincias P ON C.codigo_provincia = P.codigo_provincia JOIN regiones R ON P.codigo_region = R.codigo_region WHERE C.nombre_comuna = 'Temuco'),
    (SELECT P.codigo_provincia FROM comunas C JOIN provincias P ON C.codigo_provincia = P.codigo_provincia WHERE C.nombre_comuna = 'Temuco'),
    (SELECT C.codigo_comuna FROM comunas C WHERE C.nombre_comuna = 'Temuco')),
('Aldunate 525', 
    (SELECT id_tipo_direccion FROM tipos_direccion WHERE tipo_direccion = 'Particular'),
    (SELECT R.codigo_region FROM comunas C JOIN provincias P ON C.codigo_provincia = P.codigo_provincia JOIN regiones R ON P.codigo_region = R.codigo_region WHERE C.nombre_comuna = 'Temuco'),
    (SELECT P.codigo_provincia FROM comunas C JOIN provincias P ON C.codigo_provincia = P.codigo_provincia WHERE C.nombre_comuna = 'Temuco'),
    (SELECT C.codigo_comuna FROM comunas C WHERE C.nombre_comuna = 'Temuco')),
('3038 Walkers Ridge Way, Naperville, IL 60563', (SELECT id_tipo_direccion FROM tipos_direccion WHERE tipo_direccion = 'Internacional'), NULL, NULL, NULL),
('Avenida Libertad 301', 
    (SELECT id_tipo_direccion FROM tipos_direccion WHERE tipo_direccion = 'Particular'),
    (SELECT R.codigo_region FROM comunas C JOIN provincias P ON C.codigo_provincia = P.codigo_provincia JOIN regiones R ON P.codigo_region = R.codigo_region WHERE C.nombre_comuna = 'Temuco'),
    (SELECT P.codigo_provincia FROM comunas C JOIN provincias P ON C.codigo_provincia = P.codigo_provincia WHERE C.nombre_comuna = 'Temuco'),
    (SELECT C.codigo_comuna FROM comunas C WHERE C.nombre_comuna = 'Viña del Mar'));

INSERT INTO tipos_empleado (tipo_empleado, descripcion_tipo_empleado) VALUES
('Administrador', 'Usuario administrador, control total del sistema.'),
('Gerente Departamento', 'Gerente de departamento, gestiona departamentos específicos.'),
('Administrativo', 'Empleado con funciones administrativas.'),
('Técnico Operario', 'Empleado de especialización técnica.'),
('Operario', 'Empleado con funciones de asistencia no técnica.');

INSERT INTO modulos (codigo_modulo, nombre_modulo, descripcion_modulo) VALUES
('RRHH', 'Gestión de Empleados', 'Creación y mantención de Empleados. Asociación con Departamentos y Proyectos.'),
('GCOM', 'Gestión Comercial', 'Creación y mantención de Clientes.'),
('GDEP', 'Gestión de Departamentos', 'Creación y mantención de Departamentos. Asociación con Gerentes.'),
('GPRO', 'Gestión de Proyectos', 'Creación y mantención de Proyectos. Asociación con Clientes.'),
('GINF', 'Generación de Informes', 'Creación y mantención de Informes.'),
('RHRS', 'Registro de Tiempo', 'Ingreso de horas trabajadas por proyectos específicos.'),
('GSIS', 'Gestión de Sistema', 'Configuración de Sistema. Creación y mantención de módulos y permisos.');

INSERT INTO roles (rol, descripcion_rol, permisos_rol) VALUES
('Administrador General', 'Control completo de sistema. Creación y mantención de módulos y permisos', 'RRHH,GCOM,GDEP,GPRO,GINF,RHRS,GSIS'),
('Administrador Comercial', 'Control comercial. Creación y mantención de clientes y relaciones comerciales.', 'RRHH,GCOM,GINF,RHRS'),
('Gerente de Área', 'Control completo de Departamentos.', 'RRHH,GDEP,GPRO,GINF,RHRS'),
('Técnico', 'Empleado de nivel técnico. Registro de horas trabajadas y generación de informes.', 'GINF,RHRS'),
('Operario', 'Empleado sin nivel técnico. Registro de horas trabajadas.', 'RHRS');

INSERT INTO empleados (rut_empleado, nombre_empleado, fecha_contrato, salario_empleado, correo_empleado, telefono_empleado, 
    fecha_nacimiento_empleado, id_tipo_empleado, id_rol, codigo_pais, id_direccion) VALUES
('18755039-4', 'Aquiles Baeza Parada', CURDATE(), 4500000, 'aquiles_baeza@gmail.com', '569123456',
    (SELECT DATE_SUB(CURDATE(), INTERVAL 45 YEAR)),
    (SELECT id_tipo_empleado FROM tipos_empleado WHERE tipo_empleado = 'Administrador'),
    (SELECT id_rol FROM roles WHERE rol = 'Administrador General'),
    (SELECT codigo_pais FROM paises WHERE nombre_pais = 'Chile'),1),
('12258720-7', 'Alan Brito Delgado', CURDATE(), 3500000, 'alan_brito@gmail.com', '569456789',
    (SELECT DATE_SUB(CURDATE(), INTERVAL 40 YEAR)),
    (SELECT id_tipo_empleado FROM tipos_empleado WHERE tipo_empleado = 'Gerente Departamento'),
    (SELECT id_rol FROM roles WHERE rol = 'Gerente de Área'),
    (SELECT codigo_pais FROM paises WHERE nombre_pais = 'Chile'),2),
('23888069-6', 'Clara Luz Rojas', CURDATE(), 3500000, 'claraluz@gmail.com', '56944556677',
    (SELECT DATE_SUB(CURDATE(), INTERVAL 40 YEAR)),
    (SELECT id_tipo_empleado FROM tipos_empleado WHERE tipo_empleado = 'Gerente Departamento'),
    (SELECT id_rol FROM roles WHERE rol = 'Gerente de Área'),
    (SELECT codigo_pais FROM paises WHERE nombre_pais = 'Chile'),3),
('4162738-7', 'Patricio Donald', CURDATE(), 2500000, 'pato_donald@gmail.com', '569147258',
    (SELECT DATE_SUB(CURDATE(), INTERVAL 35 YEAR)),
    (SELECT id_tipo_empleado FROM tipos_empleado WHERE tipo_empleado = 'Administrativo'),
    (SELECT id_rol FROM roles WHERE rol = 'Administrador Comercial'),
    (SELECT codigo_pais FROM paises WHERE nombre_pais = 'Chile'),4),
('15265109-0', 'Susana Oria Naranja', CURDATE(), 1500000, 'susanaoria@gmail.com', '569258369',
    (SELECT DATE_SUB(CURDATE(), INTERVAL 30 YEAR)),
    (SELECT id_tipo_empleado FROM tipos_empleado WHERE tipo_empleado = 'Técnico Operario'),
    (SELECT id_rol FROM roles WHERE rol = 'Técnico'),
    (SELECT codigo_pais FROM paises WHERE nombre_pais = 'Chile'),5),
('19327725-K', 'Elba Lazo Fugaz', CURDATE(), 1500000, 'elba.lazo@gmail.com', '569789456',
    (SELECT DATE_SUB(CURDATE(), INTERVAL 30 YEAR)),
    (SELECT id_tipo_empleado FROM tipos_empleado WHERE tipo_empleado = 'Técnico Operario'),
    (SELECT id_rol FROM roles WHERE rol = 'Técnico'),
    (SELECT codigo_pais FROM paises WHERE nombre_pais = 'Chile'),6),
('11514618-1', 'Armando Lios Fuertes', CURDATE(), 1500000, 'armandolf@gmail.com', '569987654',
    (SELECT DATE_SUB(CURDATE(), INTERVAL 30 YEAR)),
    (SELECT id_tipo_empleado FROM tipos_empleado WHERE tipo_empleado = 'Técnico Operario'),
    (SELECT id_rol FROM roles WHERE rol = 'Técnico'),
    (SELECT codigo_pais FROM paises WHERE nombre_pais = 'Chile'),7),
('5107955-8', 'Zacarías Flores del Campo', CURDATE(), 500000, 'zacariasdelcampo@gmail.com', '569987654',
    (SELECT DATE_SUB(CURDATE(), INTERVAL 25 YEAR)),
    (SELECT id_tipo_empleado FROM tipos_empleado WHERE tipo_empleado = 'Operario'),
    (SELECT id_rol FROM roles WHERE rol = 'Operario'),
    (SELECT codigo_pais FROM paises WHERE nombre_pais = 'Chile'),8),
('5794344-0', 'Esteban Dido', CURDATE(), 500000, 'estebandido1999@gmail.com', '569654321',
    (SELECT DATE_SUB(CURDATE(), INTERVAL 25 YEAR)),
    (SELECT id_tipo_empleado FROM tipos_empleado WHERE tipo_empleado = 'Operario'),
    (SELECT id_rol FROM roles WHERE rol = 'Operario'),
    (SELECT codigo_pais FROM paises WHERE nombre_pais = 'Chile'),9),
('5250197-0', 'Monica Galindo Flores', CURDATE(), 500000, 'monicagalindo@gmail.com', '569321654',
    (SELECT DATE_SUB(CURDATE(), INTERVAL 25 YEAR)),
    (SELECT id_tipo_empleado FROM tipos_empleado WHERE tipo_empleado = 'Operario'),
    (SELECT id_rol FROM roles WHERE rol = 'Operario'),
    (SELECT codigo_pais FROM paises WHERE nombre_pais = 'Chile'),10);

INSERT INTO departamentos (nombre_departamento, descripcion_departamento) VALUES
('RRHH', 'Departamento de Recursos Humanos'),
('ID', 'Investigación y Tecnología'),
('Comercial', 'Departamento de Gestión Comercial'),
('Mantención', 'Departamento de Mantención Interna');

INSERT INTO gerentes_departamento (id_empleado, id_departamento) VALUES
((SELECT id_empleado FROM empleados WHERE rut_empleado = '12258720-7'),(SELECT id_departamento FROM departamentos WHERE nombre_departamento = 'ID')),
((SELECT id_empleado FROM empleados WHERE rut_empleado = '23888069-6'),(SELECT id_departamento FROM departamentos WHERE nombre_departamento = 'RRHH'));

INSERT INTO empleados_departamento (id_empleado, id_departamento) VALUES
((SELECT id_empleado FROM empleados WHERE rut_empleado = '15265109-0'),(SELECT id_departamento FROM departamentos WHERE nombre_departamento = 'ID')),
((SELECT id_empleado FROM empleados WHERE rut_empleado = '19327725-K'),(SELECT id_departamento FROM departamentos WHERE nombre_departamento = 'ID')),
((SELECT id_empleado FROM empleados WHERE rut_empleado = '11514618-1'),(SELECT id_departamento FROM departamentos WHERE nombre_departamento = 'ID')),
((SELECT id_empleado FROM empleados WHERE rut_empleado = '5107955-8'),(SELECT id_departamento FROM departamentos WHERE nombre_departamento = 'Mantención')),
((SELECT id_empleado FROM empleados WHERE rut_empleado = '5794344-0'),(SELECT id_departamento FROM departamentos WHERE nombre_departamento = 'Mantención')),
((SELECT id_empleado FROM empleados WHERE rut_empleado = '5250197-0'),(SELECT id_departamento FROM departamentos WHERE nombre_departamento = 'Mantención'));

INSERT INTO clientes (rut_cliente, razon_social, correo_contacto, telefono_contacto, codigo_pais, id_direccion) VALUES
('6006374-5',
    'Tuerca Solutions',
    'contacto@tuercasolutions.cl',
    '56995127532',
    (SELECT codigo_pais FROM paises WHERE nombre_pais = 'Chile'),11),
('9325475-9',
    'Teclazo Tech',
    'contact@teclazotech.com',
    '16302452364',
    (SELECT codigo_pais FROM paises WHERE nombre_pais = 'Estados Unidos'),12),
('23225874-8',
    'Click Aquí S.A.',
    'contacto@clickaqui.cl',
    '56945678956',
    (SELECT codigo_pais FROM paises WHERE nombre_pais = 'Chile'),13);

INSERT INTO proyectos (nombre_proyecto, descripcion_proyecto, fecha_inicio_proyecto, id_cliente, id_departamento) VALUES
('Sistema Fotovoltaico Central',
    'Instalación de sistema fotovoltaico central para control operacional casa matriz.',
    CURDATE(),
    (SELECT id_cliente FROM clientes WHERE rut_cliente = '6006374-5'),
    (SELECT id_departamento FROM departamentos WHERE nombre_departamento = 'ID')),
('HHRR Management',
    'HHRR Managing .Net System for Teclazo Tech International.',
    CURDATE(),
    (SELECT id_cliente FROM clientes WHERE rut_cliente = '9325475-9'),
    (SELECT id_departamento FROM departamentos WHERE nombre_departamento = 'ID')),
('Gestión Inventario',
    'Desarrollo sistema de gestiín de inventario Click Aquí S.A.',
    CURDATE(),
    (SELECT id_cliente FROM clientes WHERE rut_cliente = '23225874-8'),
    (SELECT id_departamento FROM departamentos WHERE nombre_departamento = 'ID'));

INSERT INTO empleados_proyecto (id_empleado, id_proyecto) VALUES
((SELECT id_empleado FROM empleados WHERE rut_empleado = '15265109-0'),(SELECT id_proyecto FROM proyectos WHERE nombre_proyecto = 'HHRR Management')),
((SELECT id_empleado FROM empleados WHERE rut_empleado = '19327725-K'),(SELECT id_proyecto FROM proyectos WHERE nombre_proyecto = 'HHRR Management')),
((SELECT id_empleado FROM empleados WHERE rut_empleado = '11514618-1'),(SELECT id_proyecto FROM proyectos WHERE nombre_proyecto = 'HHRR Management')),
((SELECT id_empleado FROM empleados WHERE rut_empleado = '15265109-0'),(SELECT id_proyecto FROM proyectos WHERE nombre_proyecto = 'Gestión Inventario')),
((SELECT id_empleado FROM empleados WHERE rut_empleado = '19327725-K'),(SELECT id_proyecto FROM proyectos WHERE nombre_proyecto = 'Gestión Inventario')),
((SELECT id_empleado FROM empleados WHERE rut_empleado = '11514618-1'),(SELECT id_proyecto FROM proyectos WHERE nombre_proyecto = 'Gestión Inventario'));

INSERT INTO registros_tiempo (fecha_registro, tiempo_trabajado, tareas_realizadas, observaciones, id_empleado_proyecto) VALUES
(CURDATE(),
    4.0,
    'Creación repositorio y rama desarrollo.',
    'Creación repositorio github para aplicación. Creación de rama dedesarrollo. Incorporación colaboradores a rama desarrollo.',
    (SELECT EP.id_empleado_proyecto FROM empleados_proyecto EP
        JOIN empleados E ON EP.id_empleado = E.id_empleado
        JOIN proyectos P ON EP.id_proyecto = P.id_proyecto
        WHERE E.rut_empleado = '15265109-0' AND P.nombre_proyecto = 'HHRR Management')),
(CURDATE(),
    4.0,
    'Recepción documentación. Inicio análisis requerimientos.',
    'Inicio análisis preliminar de requerimientos en base a documentación recibida.',
    (SELECT EP.id_empleado_proyecto FROM empleados_proyecto EP
        JOIN empleados E ON EP.id_empleado = E.id_empleado
        JOIN proyectos P ON EP.id_proyecto = P.id_proyecto
        WHERE E.rut_empleado = '19327725-K' AND P.nombre_proyecto = 'HHRR Management')),
(CURDATE(),
    4.0,
    'Recepción documentación. Inicio análisis requerimientos.',
    'Inicio análisis preliminar de requerimientos en base a documentación recibida.',
    (SELECT EP.id_empleado_proyecto FROM empleados_proyecto EP
        JOIN empleados E ON EP.id_empleado = E.id_empleado
        JOIN proyectos P ON EP.id_proyecto = P.id_proyecto
        WHERE E.rut_empleado = '11514618-1' AND P.nombre_proyecto = 'HHRR Management')),
(CURDATE(),
    4.0,
    'Creación repositorio y rama desarrollo.',
    'Creación repositorio github para aplicación. Creación de rama dedesarrollo. Incorporación colaboradores a rama desarrollo.',
    (SELECT EP.id_empleado_proyecto FROM empleados_proyecto EP
        JOIN empleados E ON EP.id_empleado = E.id_empleado
        JOIN proyectos P ON EP.id_proyecto = P.id_proyecto
        WHERE E.rut_empleado = '15265109-0' AND P.nombre_proyecto = 'Gestión Inventario')),
(CURDATE(),
    4.0,
    'Recepción documentación. Inicio análisis requerimientos.',
    'Inicio análisis preliminar de requerimientos en base a documentación recibida.',
    (SELECT EP.id_empleado_proyecto FROM empleados_proyecto EP
        JOIN empleados E ON EP.id_empleado = E.id_empleado
        JOIN proyectos P ON EP.id_proyecto = P.id_proyecto
        WHERE E.rut_empleado = '19327725-K' AND P.nombre_proyecto = 'Gestión Inventario')),
(CURDATE(),
    4.0,
    'Recepción documentación. Inicio análisis requerimientos.',
    'Inicio análisis preliminar de requerimientos en base a documentación recibida.',
    (SELECT EP.id_empleado_proyecto FROM empleados_proyecto EP
        JOIN empleados E ON EP.id_empleado = E.id_empleado
        JOIN proyectos P ON EP.id_proyecto = P.id_proyecto
        WHERE E.rut_empleado = '11514618-1' AND P.nombre_proyecto = 'Gestión Inventario'));